ID,collection_date,longitude,latitude
1,2024-01-28,-10.132,8.561
2,2024-02-13,-10.132,8.561
3,2024-02-13,-10.132,8.561
4,2024-02-18,-10.132,8.561
5,2024-02-23,-10.132,8.561
6,2024-02-29,-10.132,8.561
7,2024-02-24,-10.0177848882978,7.46869063091496
8,2024-03-01,-10.8391562053929,11.5916659302491
9,2024-03-07,-9.00582258921279,8.43665921887001
10,2024-03-03,-10.0177848882978,7.46869063091496
11,2024-03-08,-9.93291631917005,8.44468491103685
12,2024-02-21,-10.0109193568133,8.00489040850972
13,2024-03-09,-10.8391562053929,11.5916659302491
14,2024-03-19,-11.7361852415638,8.53407190050209
15,2024-03-17,-10.0109193568133,8.00489040850972
16,2024-03-19,-9.00582258921279,8.43665921887001
17,2024-03-19,-10.1660832337235,7.7405132007183
18,2024-03-03,-11.3459457170946,10.21627359754
19,2024-03-20,-9.01979598291579,6.58726576489449
20,2024-03-24,-11.7361852415638,8.53407190050209
21,2024-03-10,-11.4980429056397,7.6149339136927
22,2024-03-20,-10.8391562053929,11.5916659302491
23,2024-03-30,-9.08484960673538,8.87368685132626
24,2024-03-26,-10.1660832337235,7.7405132007183
25,2024-04-06,-10.8391562053929,11.5916659302491
26,2024-04-04,-11.4980429056397,7.6149339136927
27,2024-04-04,-11.7361852415638,8.53407190050209
28,2024-04-08,-11.7361852415638,8.53407190050209
29,2024-04-15,-10.1660832337235,7.7405132007183
30,2024-04-17,-11.6859172771386,7.87735272974983
31,2024-04-09,-11.7361852415638,8.53407190050209
32,2024-04-11,-11.7361852415638,8.53407190050209
33,2024-04-15,-11.2383599216339,10.8517153051526
34,2024-04-17,-10.6386158895848,11.8534943048118
35,2024-04-19,-9.08484960673538,8.87368685132626
36,2024-04-25,-10.1660832337235,7.7405132007183
37,2024-04-23,-9.08484960673538,8.87368685132626
38,2024-04-22,-9.59217766142801,6.52618399432235
39,2024-04-20,-10.1660832337235,7.7405132007183
40,2024-04-26,-12.6417052766866,8.44454516036634
41,2024-04-23,-13.0770698389129,9.5642724068838
42,2024-04-25,-10.4195042041553,11.721352401094
43,2024-04-13,-9.28855390243885,7.068379717867
44,2024-04-29,-10.6864536871557,8.09390021347021
45,2024-05-03,-11.7361852415638,8.53407190050209
46,2024-05-01,-10.5278403902327,7.66330252311786
47,2024-05-02,-12.7643178257534,8.60975541370563
48,2024-04-29,-9.08484960673538,8.87368685132626
49,2024-04-12,-7.05921192743189,6.40422706101147
50,2024-05-03,-10.6386158895848,11.8534943048118
51,2024-05-04,-10.0140271170004,12.3275892525258
52,2024-04-28,-10.1660832337235,7.7405132007183
53,2024-05-05,-8.78159533684898,9.28160375148299
54,2024-05-05,-10.1977096959443,7.93129146756663
55,2024-04-25,-11.3368479995047,10.7908507638368
56,2024-05-06,-9.08484960673538,8.87368685132626
57,2024-05-09,-9.91278292859423,7.91417212306859
58,2024-04-26,-10.6864536871557,8.09390021347021
59,2024-05-10,-7.99405026044491,6.34527397009817
60,2024-05-10,-8.890399911635,7.25247429896826
61,2024-05-09,-9.14621227279767,8.36778000691356
62,2024-05-11,-10.5278403902327,7.66330252311786
63,2024-05-15,-12.5809839133102,10.6836449113232
64,2024-04-22,-9.08484960673538,8.87368685132626
65,2024-04-28,-12.4111803172513,8.91633098038833
66,2024-04-22,-8.78159533684898,9.28160375148299
67,2024-05-17,-9.64704120263094,11.1516842837486
68,2024-05-02,-10.5193200102564,9.29041740399839
69,2024-05-16,-12.2905904485813,9.70949579600189
70,2024-05-21,-8.79591916100167,7.39595051848226
71,2024-05-08,-10.2115809364111,8.68558302273434
72,2024-05-07,-12.0749356218669,8.61353013877311
73,2024-05-20,-11.313163892212,11.346384603003
74,2024-05-18,-10.9032055512681,9.57348036435661
75,2024-05-09,-7.99405026044491,6.34527397009817
76,2024-05-10,-9.39306354516759,8.96380040218722
77,2024-05-17,-10.1660832337235,7.7405132007183
78,2024-05-22,-10.6386158895848,11.8534943048118
79,2024-05-20,-10.6864536871557,8.09390021347021
80,2024-05-23,-12.4111803172513,8.91633098038833
81,2024-05-28,-9.66461896391849,7.78680355773202
82,2024-05-25,-10.5278403902327,7.66330252311786
83,2024-05-03,-8.8072575739591,7.85882970232391
84,2024-05-22,-10.1660832337235,7.7405132007183
85,2024-05-07,-8.890399911635,7.25247429896826
86,2024-05-23,-10.6864536871557,8.09390021347021
87,2024-05-23,-10.5193200102564,9.29041740399839
88,2024-05-28,-10.2912107626483,8.05282499690653
89,2024-05-22,-12.2905904485813,9.70949579600189
90,2024-05-15,-10.2115809364111,8.68558302273434
91,2024-05-31,-9.28657608195508,7.44463886614829
92,2024-05-26,-11.7361852415638,8.53407190050209
93,2024-05-08,-7.80181638776176,6.40203458666647
94,2024-05-22,-11.1064371241496,10.3376376457657
95,2024-05-10,-10.6864536871557,8.09390021347021
96,2024-05-29,-10.537798978346,6.86586655248234
97,2024-05-29,-10.1977096959443,7.93129146756663
98,2024-05-30,-10.1977096959443,7.93129146756663
99,2024-06-01,-9.72072363015937,14.3687309650235
100,2024-05-14,-12.0749356218669,8.61353013877311
101,2024-05-16,-9.92274770700143,6.0003353355217
102,2024-05-31,-7.99405026044491,6.34527397009817
103,2024-06-05,-12.4131395555347,11.2127341441688
104,2024-05-21,-10.5619201764708,8.23017429254072
105,2024-05-10,-9.92572900879135,7.68412933879536
106,2024-05-21,-11.9135536181391,7.36372838125846
107,2024-06-06,-7.99405026044491,6.34527397009817
108,2024-05-13,-10.9032055512681,9.57348036435661
109,2024-06-04,-10.1660832337235,7.7405132007183
110,2024-06-02,-10.9307488775387,6.8409741288996
111,2024-06-05,-10.2912107626483,8.05282499690653
112,2024-06-02,-9.64704120263094,11.1516842837486
113,2024-05-27,-12.2905904485813,9.70949579600189
114,2024-05-27,-10.2005152017478,8.23589710957688
115,2024-06-06,-10.5943118992626,8.30286740132867
116,2024-05-19,-10.8746077271604,9.51809573207284
117,2024-06-06,-8.93642502689563,8.62634247333096
118,2024-05-29,-10.9032055512681,9.57348036435661
119,2024-06-04,-12.4111803172513,8.91633098038833
120,2024-06-06,-12.4111803172513,8.91633098038833
121,2024-06-08,-11.6029916207745,8.10171563071818
122,2024-06-02,-11.313163892212,11.346384603003
123,2024-06-05,-10.5193200102564,9.29041740399839
124,2024-06-02,-11.1064371241496,10.3376376457657
125,2024-06-14,-12.2905904485813,9.70949579600189
126,2024-06-13,-10.6987176065844,13.3609754470802
127,2024-06-12,-9.38394920017656,7.56402369399607
128,2024-06-07,-10.2912107626483,8.05282499690653
129,2024-06-08,-11.1064371241496,10.3376376457657
130,2024-06-07,-10.5193200102564,9.29041740399839
131,2024-06-01,-9.81989315626681,7.8492654750836
132,2024-06-10,-9.14665448032072,6.2445470884665
133,2024-06-15,-10.9032055512681,9.57348036435661
134,2024-06-14,-12.4111803172513,8.91633098038833
135,2024-06-01,-7.80246787351946,8.0734330057602
136,2024-05-24,-12.4131395555347,11.2127341441688
137,2024-06-01,-10.9307488775387,6.8409741288996
138,2024-06-19,-10.5658516785125,8.70282252594435
139,2024-06-14,-7.99405026044491,6.34527397009817
140,2024-06-14,-12.2905904485813,9.70949579600189
141,2024-06-15,-11.313163892212,11.346384603003
142,2024-06-14,-11.2032223868005,11.7754906751088
143,2024-06-04,-10.2912107626483,8.05282499690653
144,2024-06-18,-10.2233128974568,7.68764832400418
145,2024-06-12,-10.2912107626483,8.05282499690653
146,2024-06-02,-6.09835271814396,11.8094027476932
147,2024-06-06,-10.2912107626483,8.05282499690653
148,2024-06-19,-9.87688735329637,7.78645031777682
149,2024-06-15,-9.72072363015937,14.3687309650235
150,2024-06-05,-9.5215026316017,14.3120218611787
151,2024-05-30,-8.28606781983185,6.37905259217969
152,2024-06-15,-10.1977096959443,7.93129146756663
153,2024-05-30,-7.90138517353049,5.8036251496232
154,2024-06-09,-11.9855195654567,9.9588377131627
155,2024-06-15,-10.2912107626483,8.05282499690653
156,2024-06-23,-9.13498194695237,11.3611359838291
157,2024-06-17,-9.14665448032072,6.2445470884665
158,2024-06-25,-11.1064371241496,10.3376376457657
159,2024-06-19,-12.2905904485813,9.70949579600189
160,2024-06-24,-12.7849080166993,10.090627933129
161,2024-06-05,-9.64704120263094,11.1516842837486
162,2024-06-25,-7.90404208133215,8.53982991479343
163,2024-06-21,-7.99405026044491,6.34527397009817
164,2024-06-26,-10.9307488775387,6.8409741288996
165,2024-06-26,-12.4111803172513,8.91633098038833
166,2024-06-08,-12.2905904485813,9.70949579600189
167,2024-06-22,-10.6987176065844,13.3609754470802
168,2024-06-26,-8.93642502689563,8.62634247333096
169,2024-06-22,-10.874843794789,8.33224649877763
170,2024-06-27,-11.0443351915666,12.06571567411
171,2024-06-22,-10.5749018492469,7.94765483819248
172,2024-06-05,-10.2233128974568,7.68764832400418
173,2024-06-23,-10.2912107626483,8.05282499690653
174,2024-06-26,-13.150918739836,11.899872787434
175,2024-06-28,-8.86668814269198,5.32695389882613
176,2024-06-29,-7.99405026044491,6.34527397009817
177,2024-06-28,-11.2010113623505,11.7371348503338
178,2024-06-28,-10.5943118992626,8.30286740132867
179,2024-06-27,-11.8219849142156,7.2407657050712
180,2024-06-28,-10.6016569380458,9.67013125365828
181,2024-06-24,-10.4413015481828,7.92498376948345
182,2024-06-11,-7.38493706877594,5.74316809906544
183,2024-06-25,-12.2905904485813,9.70949579600189
184,2024-06-19,-10.9032055512681,9.57348036435661
185,2024-06-15,-9.98549242029042,7.71686206815806
186,2024-06-28,-9.87688735329637,7.78645031777682
187,2024-07-02,-12.5741186656186,10.9897674834453
188,2024-07-01,-10.2330146278779,9.4896830896774
189,2024-06-29,-11.2499061878595,7.42582288697499
190,2024-06-30,-12.4111803172513,8.91633098038833
191,2024-07-05,-10.8661136908132,8.96498277422459
192,2024-06-29,-12.587171862432,10.2584577674297
193,2024-06-28,-12.2905904485813,9.70949579600189
194,2024-07-06,-8.66768830779484,8.30239434816958
195,2024-07-07,-7.38493706877594,5.74316809906544
196,2024-06-23,-10.0811167749953,8.15821774639419
197,2024-06-19,-8.75003407646398,8.17341378077156
198,2024-07-04,-11.2032223868005,11.7754906751088
199,2024-06-17,-10.2377465492581,7.52584535815938
200,2024-07-03,-10.6987176065844,13.3609754470802
201,2024-07-03,-11.0443351915666,12.06571567411
202,2024-07-09,-9.74666442103053,7.88369013920476
203,2024-07-07,-9.95002547127937,7.62592559616244
204,2024-06-25,-12.4111803172513,8.91633098038833
205,2024-06-27,-11.295128207471,13.5562194910097
206,2024-06-18,-9.56668615324397,8.02221404594855
207,2024-06-18,-11.4456341723783,10.4454443187132
208,2024-07-07,-10.2912107626483,8.05282499690653
209,2024-07-06,-11.0692019388276,13.749177817309
210,2024-06-25,-12.4111803172513,8.91633098038833
211,2024-06-19,-12.4111803172513,8.91633098038833
212,2024-07-05,-10.5943118992626,8.30286740132867
213,2024-07-12,-11.841350004484,11.2658912798513
214,2024-07-07,-7.85463636452188,6.01584059287053
215,2024-07-11,-13.150918739836,11.899872787434
216,2024-07-12,-7.68914063332223,8.65335203936269
217,2024-06-20,-12.1668208457504,9.56495006758547
218,2024-07-15,-12.4111803172513,8.91633098038833
219,2024-07-13,-11.0443351915666,12.06571567411
220,2024-07-14,-11.0985589481375,7.95732611683655
221,2024-07-15,-10.4623454947527,7.67913664549734
222,2024-07-15,-9.87688735329637,7.78645031777682
223,2024-07-07,-9.5442784666465,11.8853408550815
224,2024-07-16,-10.4918930823577,9.96294773289872
225,2024-07-17,-11.7977335045115,9.69432147354261
226,2024-07-17,-7.38183212595226,9.56646931429783
227,2024-07-01,-12.6470746701804,9.89889581045574
228,2024-07-19,-12.4111803172513,8.91633098038833
229,2024-07-02,-11.2032223868005,11.7754906751088
230,2024-07-19,-12.6529133483721,12.8780620918984
231,2024-06-27,-11.0692019388276,13.749177817309
232,2024-07-08,-10.5749018492469,7.94765483819248
233,2024-07-15,-11.1124518297489,9.85144355407326
234,2024-07-25,-12.2905904485813,9.70949579600189
235,2024-07-18,-11.0692019388276,13.749177817309
236,2024-07-13,-10.5943118992626,8.30286740132867
237,2024-07-20,-10.9307488775387,6.8409741288996
238,2024-07-20,-11.0443351915666,12.06571567411
239,2024-07-03,-5.63819787701896,6.0199524083941
240,2024-07-21,-7.06349634617209,7.15871469653152
241,2024-07-05,-7.68914063332223,8.65335203936269
242,2024-07-22,-11.2032223868005,11.7754906751088
243,2024-07-24,-8.95757095306915,13.2109587441234
244,2024-07-07,-7.45246436720403,10.0830075922686
245,2024-07-27,-9.74666442103053,7.88369013920476
246,2024-07-26,-11.841350004484,11.2658912798513
247,2024-07-26,-9.5442784666465,11.8853408550815
248,2024-07-11,-8.43710364899946,9.30683733072153
249,2024-07-14,-7.38183212595226,9.56646931429783
250,2024-07-26,-11.0443351915666,12.06571567411
251,2024-07-12,-9.87688735329637,7.78645031777682
252,2024-07-08,-11.841350004484,11.2658912798513
253,2024-07-17,-10.4918930823577,9.96294773289872
254,2024-07-29,-13.3806338496686,9.92756803538188
255,2024-07-12,-11.0443351915666,12.06571567411
256,2024-07-20,-7.29202010133019,7.52204183546891
257,2024-07-21,-10.4623454947527,7.67913664549734
258,2024-07-16,-5.45797426084649,6.10225996658805
259,2024-07-28,-10.5749018492469,7.94765483819248
260,2024-07-30,-6.5402271969979,7.04977191249589
261,2024-07-12,-10.2912107626483,8.05282499690653
262,2024-07-24,-10.4918930823577,9.96294773289872
263,2024-07-31,-9.62141502728865,10.4300641334074
264,2024-07-31,-7.68914063332223,8.65335203936269
265,2024-08-03,-7.06349634617209,7.15871469653152
266,2024-08-03,-12.857711413315,11.2044244568362
267,2024-08-05,-10.3635282590574,8.2898968639763
268,2024-08-01,-9.61045184480669,9.42741098466705
269,2024-07-18,-11.841350004484,11.2658912798513
270,2024-07-20,-13.4627162542099,12.7786514272342
271,2024-07-20,-11.3761091167758,12.1822061820374
272,2024-08-06,-7.68564881099246,8.52283392213819
273,2024-07-19,-10.5749018492469,7.94765483819248
274,2024-08-08,-10.8230135666846,9.77217748198431
275,2024-08-06,-12.4111803172513,8.91633098038833
276,2024-08-06,-11.0692019388276,13.749177817309
277,2024-08-06,-7.06349634617209,7.15871469653152
278,2024-08-05,-12.4111803172513,8.91633098038833
279,2024-07-29,-7.38183212595226,9.56646931429783
280,2024-08-06,-12.4111803172513,8.91633098038833
281,2024-08-10,-10.5943118992626,8.30286740132867
282,2024-08-06,-9.5442784666465,11.8853408550815
283,2024-08-10,-7.29202010133019,7.52204183546891
284,2024-08-03,-9.21652212167898,8.3346518530198
285,2024-08-11,-11.1124518297489,9.85144355407326
286,2024-07-26,-10.8392702449628,11.8878203943996
287,2024-08-09,-9.61045184480669,9.42741098466705
288,2024-08-13,-9.63605504877907,9.37110386847342
289,2024-08-08,-10.4623454947527,7.67913664549734
290,2024-08-13,-12.8815872777706,12.5729215735571
291,2024-08-10,-11.8895533230145,10.5958895345165
292,2024-08-14,-11.2885602243813,9.00168997725602
293,2024-08-15,-13.2152558513913,11.7984850694349
294,2024-08-06,-6.5402271969979,7.04977191249589
295,2024-08-18,-8.07100427460976,6.69568652156531
296,2024-07-30,-7.68914063332223,8.65335203936269
297,2024-08-14,-13.4627162542099,12.7786514272342
298,2024-08-05,-11.841350004484,11.2658912798513
299,2024-08-19,-9.61045184480669,9.42741098466705
300,2024-08-16,-8.09130856737153,12.6918885756797
301,2024-08-19,-9.41066531430902,9.56023856961861
302,2024-08-18,-9.61045184480669,9.42741098466705
303,2024-08-17,-9.5442784666465,11.8853408550815
304,2024-08-17,-11.0443351915666,12.06571567411
305,2024-07-31,-13.962094893373,10.2395951393495
306,2024-08-15,-9.74666442103053,7.88369013920476
307,2024-08-25,-10.5943118992626,8.30286740132867
308,2024-08-07,-9.62141502728865,10.4300641334074
309,2024-08-09,-7.06349634617209,7.15871469653152
310,2024-08-09,-10.7820684208568,8.43581134736874
311,2024-08-25,-10.2233256635057,9.22074638773226
312,2024-08-28,-10.8934451477697,8.46531909911558
313,2024-08-20,-10.4623454947527,7.67913664549734
314,2024-08-22,-13.4627162542099,12.7786514272342
315,2024-08-23,-12.4111803172513,8.91633098038833
316,2024-08-23,-6.5402271969979,7.04977191249589
317,2024-08-26,-12.2320190816204,8.94628908161512
318,2024-08-21,-7.49051941329655,10.4863469813869
319,2024-08-14,-14.5603713012493,13.7248725769303
320,2024-08-26,-6.5402271969979,7.04977191249589
321,2024-08-29,-7.70194509676051,7.81634678233187
322,2024-08-26,-12.6615659545506,11.5456428735278
323,2024-08-11,-12.9710783782894,8.63578933172291
324,2024-08-30,-11.1122395027816,7.68503532217494
325,2024-08-27,-9.61045184480669,9.42741098466705
326,2024-08-29,-11.3733779145676,8.7383795863705
327,2024-08-10,-9.61045184480669,9.42741098466705
328,2024-08-11,-11.0692019388276,13.749177817309
329,2024-08-31,-7.06349634617209,7.15871469653152
330,2024-08-10,-9.21652212167898,8.3346518530198
331,2024-08-17,-11.1124518297489,9.85144355407326
332,2024-09-03,-12.8815872777706,12.5729215735571
333,2024-08-29,-10.8230135666846,9.77217748198431
334,2024-08-29,-7.68564881099246,8.52283392213819
335,2024-09-04,-9.64853137032662,11.1825347633473
336,2024-09-01,-9.41066531430902,9.56023856961861
337,2024-08-29,-10.7820684208568,8.43581134736874
338,2024-08-20,-7.8920409260382,8.45494986274266
339,2024-09-02,-9.5442784666465,11.8853408550815
340,2024-08-31,-8.09130856737153,12.6918885756797
341,2024-09-03,-9.61045184480669,9.42741098466705
342,2024-08-29,-10.71285821692,8.44631773423691
343,2024-09-02,-12.4219150662651,9.40199919138876
344,2024-08-26,-12.4261351598533,12.4732160732053
345,2024-08-24,-12.5969692074344,12.1407536453493
346,2024-08-30,-9.61045184480669,9.42741098466705
347,2024-08-23,-12.2320190816204,8.94628908161512
348,2024-09-01,-13.2152558513913,11.7984850694349
349,2024-08-31,-9.61045184480669,9.42741098466705
350,2024-09-09,-9.54473292376412,7.13474316742901
351,2024-09-07,-7.57549747829899,7.91799128406279
352,2024-09-04,-10.4623454947527,7.67913664549734
353,2024-09-01,-9.61045184480669,9.42741098466705
354,2024-08-25,-12.8815872777706,12.5729215735571
355,2024-09-09,-11.2885602243813,9.00168997725602
356,2024-09-05,-10.0796106501972,8.23065990308471
357,2024-09-10,-10.8009325034004,11.5018476732116
358,2024-08-26,-12.5961816318127,12.5339078411908
359,2024-09-11,-10.7820684208568,8.43581134736874
360,2024-08-25,-11.5201597803088,11.497520053829
361,2024-09-07,-7.94310903111358,9.56904347439249
362,2024-09-13,-13.6404708373976,12.9538109888911
363,2024-09-10,-8.07100427460976,6.69568652156531
364,2024-09-10,-8.09130856737153,12.6918885756797
365,2024-08-25,-9.58622018464753,7.88221788048009
366,2024-09-10,-10.5943118992626,8.30286740132867
367,2024-09-16,-9.61045184480669,9.42741098466705
368,2024-09-13,-11.3733779145676,8.7383795863705
369,2024-09-10,-7.88351626805785,8.88889928146716
370,2024-09-14,-11.0583388846975,13.0670883515965
371,2024-09-14,-8.82911327259769,8.24342658674436
372,2024-08-30,-8.09130856737153,12.6918885756797
373,2024-09-13,-9.5272968179658,9.04742520300539
374,2024-09-11,-9.61045184480669,9.42741098466705
375,2024-09-10,-9.61045184480669,9.42741098466705
376,2024-08-27,-4.62685676588791,6.87342680717156
377,2024-09-13,-11.4478512954701,10.0531782459038
378,2024-09-11,-8.09130856737153,12.6918885756797
379,2024-09-04,-13.2152558513913,11.7984850694349
380,2024-09-17,-12.9347301814435,14.5383016179787
381,2024-09-13,-9.61045184480669,9.42741098466705
382,2024-09-15,-6.5402271969979,7.04977191249589
383,2024-09-13,-7.06349634617209,7.15871469653152
384,2024-09-15,-10.4623454947527,7.67913664549734
385,2024-09-15,-11.5633082993398,8.0231945916475
386,2024-09-07,-11.8962692980107,7.95890596163406
387,2024-09-14,-13.2152558513913,11.7984850694349
388,2024-09-20,-12.2173538134577,8.60184012932672
389,2024-09-22,-7.68564881099246,8.52283392213819
390,2024-09-14,-8.09130856737153,12.6918885756797
391,2024-09-21,-7.88351626805785,8.88889928146716
392,2024-09-10,-9.37471443680334,9.36479977265294
393,2024-09-21,-12.5969692074344,12.1407536453493
394,2024-09-08,-13.2152558513913,11.7984850694349
395,2024-09-20,-10.5783485328725,9.63053509269785
396,2024-09-02,-6.47014285248165,6.31542525290881
397,2024-09-13,-9.61045184480669,9.42741098466705
398,2024-09-25,-13.6295776802265,11.6653158268358
399,2024-09-19,-7.68564881099246,8.52283392213819
400,2024-09-13,-11.0840117297445,13.052729581334
401,2024-09-02,-11.2915829270726,11.0159175559106
402,2024-09-20,-7.07870728069888,5.99377349666403
403,2024-09-03,-11.3602628834658,9.27178540241383
404,2024-09-23,-9.64853137032662,11.1825347633473
405,2024-09-24,-8.09130856737153,12.6918885756797
406,2024-09-20,-9.54473292376412,7.13474316742901
407,2024-09-23,-7.06349634617209,7.15871469653152
408,2024-09-20,-7.32410851015336,7.98177358330968
409,2024-09-23,-9.61045184480669,9.42741098466705
410,2024-09-20,-9.61045184480669,9.42741098466705
411,2024-09-12,-12.5363029172598,9.29715333812509
412,2024-09-23,-10.8580212221301,9.61985830795737
413,2024-09-06,-9.52619068077173,9.84754269377679
414,2024-09-22,-13.2152558513913,11.7984850694349
415,2024-09-27,-8.6011739167106,10.2338517805979
416,2024-09-09,-7.73875150342979,12.9437607272518
417,2024-09-03,-6.5402271969979,7.04977191249589
418,2024-09-26,-8.09130856737153,12.6918885756797
419,2024-09-22,-8.36144248407544,12.1536444896644
420,2024-09-27,-9.61045184480669,9.42741098466705
421,2024-09-28,-10.7820684208568,8.43581134736874
422,2024-09-26,-9.17686540502373,8.27336391843356
423,2024-09-25,-7.13869644281275,7.30203316675924
424,2024-09-30,-11.7789788293063,8.55292883760771
425,2024-09-29,-10.2756577934998,10.8048448503968
426,2024-09-16,-7.57549747829899,7.91799128406279
427,2024-09-10,-9.97879498701083,11.3717070770001
428,2024-09-15,-10.7672758947013,8.19535188084733
429,2024-09-28,-11.556457646822,8.57852022092009
430,2024-09-27,-6.15472550647055,5.99166091012738
431,2024-10-04,-9.31993451794302,10.1113933420345
432,2024-09-28,-9.81277379449911,10.3073088567075
433,2024-09-29,-12.4511808223101,8.27696648854449
434,2024-10-01,-14.6016263690795,14.9653818440019
435,2024-09-18,-11.0583388846975,13.0670883515965
436,2024-09-27,-8.82911327259769,8.24342658674436
437,2024-09-15,-9.39528378508053,9.74472638451697
438,2024-10-02,-9.15459547892008,9.82999568190829
439,2024-09-29,-9.54473292376412,7.13474316742901
440,2024-10-01,-11.0583388846975,13.0670883515965
441,2024-09-09,-12.5628250698203,8.56686231002753
442,2024-09-28,-7.68564881099246,8.52283392213819
443,2024-09-17,-9.91919875588204,10.7185954626734
444,2024-09-26,-7.94310903111358,9.56904347439249
445,2024-09-24,-7.68564881099246,8.52283392213819
446,2024-10-09,-5.83204972124359,11.9887419524599
447,2024-10-05,-9.61045184480669,9.42741098466705
448,2024-10-08,-8.0710691771127,5.44176528942145
449,2024-10-08,-9.99043417859608,10.3774430008699
450,2024-09-19,-7.57549747829899,7.91799128406279
451,2024-09-25,-13.6404708373976,12.9538109888911
452,2024-09-25,-7.80176617117945,12.7913862849735
453,2024-10-01,-7.88351626805785,8.88889928146716
454,2024-10-08,-9.17558163649112,8.61531315590638
455,2024-09-19,-8.9367656717794,7.28574821501107
456,2024-09-27,-10.4254505345173,7.10972758229491
457,2024-10-07,-10.0597745219793,8.7619259700678
458,2024-10-04,-7.13869644281275,7.30203316675924
459,2024-10-07,-9.81277379449911,10.3073088567075
460,2024-10-04,-10.7820684208568,8.43581134736874
461,2024-09-21,-11.1509268014433,12.9306138193205
462,2024-09-22,-10.8580212221301,9.61985830795737
463,2024-10-08,-8.67297266717885,9.66233379516425
464,2024-10-06,-5.66054990399903,6.06041635502934
465,2024-10-10,-6.10424351265349,6.91010680542971
466,2024-10-05,-10.8780001611661,8.47714567671813
467,2024-10-03,-8.02706601754807,7.68064632032423
468,2024-10-07,-11.5633082993398,8.0231945916475
469,2024-10-04,-9.64853137032662,11.1825347633473
470,2024-10-10,-8.07913805873822,8.67604635887269
471,2024-10-08,-8.6011739167106,10.2338517805979
472,2024-09-29,-10.7820684208568,8.43581134736874
473,2024-10-11,-9.91919875588204,10.7185954626734
474,2024-10-10,-7.69417723843235,9.83739229226903
475,2024-10-12,-10.3502562676966,10.5532924953584
476,2024-10-11,-11.0583388846975,13.0670883515965
477,2024-10-12,-8.59026265708702,9.22076037979809
478,2024-10-13,-9.29834352227763,11.8886745028973
479,2024-09-23,-10.8580212221301,9.61985830795737
480,2024-10-16,-12.4511808223101,8.27696648854449
481,2024-10-14,-8.55290958035229,7.28345347401704
482,2024-10-17,-8.93163812898324,8.7865094016671
483,2024-09-24,-13.2152558513913,11.7984850694349
484,2024-09-25,-9.92317001928048,7.1098840029448
485,2024-10-15,-9.55566028174136,8.44419627326357
486,2024-10-05,-10.5783485328725,9.63053509269785
487,2024-10-08,-7.07870728069888,5.99377349666403
488,2024-10-18,-8.02706601754807,7.68064632032423
489,2024-09-29,-11.0356403180236,9.36817880715098
490,2024-10-17,-14.4247752469646,14.8178267763312
491,2024-10-17,-8.39470724445377,6.94083823219925
492,2024-10-22,-13.6722351998053,13.0969490298873
493,2024-10-18,-8.85236363096882,9.87243206738625
494,2024-10-11,-9.88937819240745,9.96234073824291
495,2024-10-02,-9.61045184480669,9.42741098466705
496,2024-10-19,-7.34378063171254,12.0606189431131
497,2024-10-16,-11.7789788293063,8.55292883760771
498,2024-10-03,-9.31993451794302,10.1113933420345
499,2024-10-18,-9.64853137032662,11.1825347633473
500,2024-10-20,-8.6011739167106,10.2338517805979
501,2024-10-05,-7.06349634617209,7.15871469653152
502,2024-10-17,-9.61045184480669,9.42741098466705
503,2024-10-10,-9.61045184480669,9.42741098466705
504,2024-10-23,-11.9765671726333,8.63694358056001
505,2024-10-06,-9.56640267344903,9.08118848464265
506,2024-10-21,-8.72366074619166,6.25650698132854
507,2024-10-20,-10.5000449850887,8.92331511077555
508,2024-10-17,-10.7443603863926,8.86956676879195
509,2024-10-24,-11.0047510595154,8.13869659675786
510,2024-10-20,-7.68564881099246,8.52283392213819
511,2024-10-22,-6.33720967054721,9.98159992028667
512,2024-10-05,-9.61045184480669,9.42741098466705
513,2024-10-21,-10.984462427963,9.56013445931537
514,2024-10-25,-6.15472550647055,5.99166091012738
515,2024-10-21,-9.31993451794302,10.1113933420345
516,2024-10-07,-14.6016263690795,14.9653818440019
517,2024-10-08,-10.3502562676966,10.5532924953584
518,2024-10-05,-8.48760567450798,10.0702589868888
519,2024-10-08,-9.4514096224454,12.1993952271614
520,2024-10-10,-11.6781574865266,9.83235982142638
521,2024-10-24,-8.02706601754807,7.68064632032423
522,2024-10-05,-8.02706601754807,7.68064632032423
523,2024-10-18,-9.72616962333921,7.4896541947655
524,2024-10-14,-11.8775268350177,8.44913361225809
525,2024-10-27,-9.61045184480669,9.42741098466705
526,2024-10-08,-11.7789788293063,8.55292883760771
527,2024-10-21,-9.61045184480669,9.42741098466705
528,2024-10-26,-9.1876092925796,8.95616530333941
529,2024-10-24,-10.5783485328725,9.63053509269785
530,2024-10-21,-7.07870728069888,5.99377349666403
531,2024-10-21,-5.83204972124359,11.9887419524599
532,2024-10-17,-5.66054990399903,6.06041635502934
533,2024-10-28,-10.0597745219793,8.7619259700678
534,2024-10-26,-9.44994887441639,10.169296893801
535,2024-10-13,-7.07870728069888,5.99377349666403
536,2024-10-27,-8.02706601754807,7.68064632032423
537,2024-10-26,-5.49903512681128,6.16429593329742
538,2024-10-24,-9.97346036461979,10.4490722425293
539,2024-10-27,-8.53708859885811,8.27472943882966
540,2024-10-19,-8.6011739167106,10.2338517805979
541,2024-10-14,-9.56652323772399,11.0332654863921
542,2024-10-26,-9.29834352227763,11.8886745028973
543,2024-10-26,-7.68564881099246,8.52283392213819
544,2024-10-27,-6.10424351265349,6.91010680542971
545,2024-10-19,-12.6172015435563,7.47505479866885
546,2024-10-31,-8.60212541901602,11.8145025395321
547,2024-10-27,-10.4366563149846,8.61031315288644
548,2024-10-28,-6.56339096842045,10.2874697680108
549,2024-10-30,-8.6743086660812,9.40793359029057
550,2024-10-20,-7.38929127863367,8.26275811432775
551,2024-11-02,-10.325566057775,9.24901674018104
552,2024-10-24,-8.07913805873822,8.67604635887269
553,2024-10-31,-8.93612468290412,10.4280224253996
554,2024-10-29,-8.93163812898324,8.7865094016671
555,2024-10-30,-15.2851431508403,14.7125462743368
556,2024-11-02,-9.70996993500289,9.01454876200198
557,2024-10-30,-9.61045184480669,9.42741098466705
558,2024-10-28,-11.0047510595154,8.13869659675786
559,2024-11-03,-7.68564881099246,8.52283392213819
560,2024-10-22,-9.91919875588204,10.7185954626734
561,2024-11-02,-11.0583388846975,13.0670883515965
562,2024-11-04,-14.4247752469646,14.8178267763312
563,2024-10-31,-8.85236363096882,9.87243206738625
564,2024-10-30,-11.9765671726333,8.63694358056001
565,2024-10-29,-10.083645281574,9.65084627550797
566,2024-11-03,-7.98699920828241,7.26070237267078
567,2024-11-01,-10.0597745219793,8.7619259700678
568,2024-10-14,-8.59026265708702,9.22076037979809
569,2024-11-02,-9.61045184480669,9.42741098466705
570,2024-11-05,-5.83204972124359,11.9887419524599
571,2024-10-25,-9.79597623488426,8.9534028754575
572,2024-11-02,-9.2238033026655,9.40499071482626
573,2024-10-21,-8.6011739167106,10.2338517805979
574,2024-10-26,-6.15472550647055,5.99166091012738
575,2024-11-06,-10.0971128163861,10.7315394018918
576,2024-11-01,-6.56339096842045,10.2874697680108
577,2024-11-02,-6.56339096842045,10.2874697680108
578,2024-11-02,-9.85095411087764,9.54034680269003
579,2024-10-22,-7.0563063998182,7.3946015842241
580,2024-11-02,-8.02706601754807,7.68064632032423
581,2024-11-02,-8.6011739167106,10.2338517805979
582,2024-11-06,-8.93163812898324,8.7865094016671
583,2024-11-08,-5.66054990399903,6.06041635502934
584,2024-11-02,-6.21062937655756,5.84430945320026
585,2024-11-06,-5.49903512681128,6.16429593329742
586,2024-11-08,-6.56339096842045,10.2874697680108
587,2024-11-09,-6.61578749154558,7.98452353331556
588,2024-11-10,-9.61045184480669,9.42741098466705
589,2024-11-09,-9.40091253594629,10.6933267847941
590,2024-11-07,-6.33720967054721,9.98159992028667
591,2024-10-31,-10.9566984875448,8.28014943150908
592,2024-11-09,-13.6722351998053,13.0969490298873
593,2024-10-23,-11.3345963173955,9.42170404564023
594,2024-11-08,-11.8775268350177,8.44913361225809
595,2024-11-06,-9.61045184480669,9.42741098466705
596,2024-10-29,-10.0597745219793,8.7619259700678
597,2024-11-10,-9.35853693976885,10.2583728009039
598,2024-11-06,-9.29834352227763,11.8886745028973
599,2024-11-07,-7.60877716303723,8.31507608808083
600,2024-11-10,-10.0863436773658,10.8409274185003
601,2024-11-09,-11.9765671726333,8.63694358056001
602,2024-11-07,-11.8973877906618,8.53316404961824
603,2024-11-08,-7.89499774089021,8.71190952451056
604,2024-11-05,-9.46889985530724,9.39922453009147
605,2024-11-09,-7.26113305956816,6.29797690538602
606,2024-11-01,-5.83204972124359,11.9887419524599
607,2024-11-09,-7.98699920828241,7.26070237267078
608,2024-11-08,-11.0047510595154,8.13869659675786
609,2024-11-14,-5.69043954407958,6.53206364144487
610,2024-10-25,-5.66054990399903,6.06041635502934
611,2024-11-09,-9.70996993500289,9.01454876200198
612,2024-11-04,-11.4757930696112,8.06755412840844
613,2024-11-15,-11.9765671726333,8.63694358056001
614,2024-11-11,-11.4515522860088,8.13431946224965
615,2024-11-09,-9.31993451794302,10.1113933420345
616,2024-11-08,-9.83974012832511,10.5260492670655
617,2024-11-15,-6.79655675187885,11.3073481225729
618,2024-11-16,-11.9765671726333,8.63694358056001
619,2024-11-02,-10.5000449850887,8.92331511077555
620,2024-10-25,-9.80785079457038,8.2065885607211
621,2024-11-13,-10.3201414809559,10.6895100044665
622,2024-11-13,-11.0047510595154,8.13869659675786
623,2024-11-08,-13.1614771230759,14.2139766086016
624,2024-10-27,-11.0583388846975,13.0670883515965
625,2024-11-16,-9.85095411087764,9.54034680269003
626,2024-11-15,-8.16319120476524,8.75638433995628
627,2024-10-28,-8.22553182468891,8.35448382443848
628,2024-11-05,-11.7040437922839,7.39036699057576
629,2024-11-17,-9.50369922541556,8.42018377580045
630,2024-11-06,-10.1800498639955,8.99019100385137
631,2024-11-14,-6.56339096842045,10.2874697680108
632,2024-11-07,-11.2575074875962,6.83986468310564
633,2024-11-14,-6.74097574241236,7.61835114762378
634,2024-11-15,-9.40091253594629,10.6933267847941
635,2024-11-15,-13.6722351998053,13.0969490298873
636,2024-11-15,-9.70996993500289,9.01454876200198
637,2024-11-16,-9.66717591707172,8.81711439270413
638,2024-11-19,-10.325566057775,9.24901674018104
639,2024-11-17,-14.4247752469646,14.8178267763312
640,2024-10-28,-5.45041326270943,11.3104252826899
641,2024-11-15,-9.18614228718043,10.0769911294095
642,2024-10-31,-9.40091253594629,10.6933267847941
643,2024-11-12,-9.48939101109619,11.4641839395732
644,2024-11-18,-6.15472550647055,5.99166091012738
645,2024-11-14,-9.44994887441639,10.169296893801
646,2024-11-05,-9.47926443203296,6.8332197831474
647,2024-11-21,-6.16931483666752,7.65906116840333
648,2024-11-08,-8.78365428427821,9.98373987126142
649,2024-11-20,-9.94477719455137,8.43226495863614
650,2024-10-26,-6.97005275356768,6.27907371727439
651,2024-11-09,-8.52798301058519,8.53661121234704
652,2024-11-08,-9.97346036461979,10.4490722425293
653,2024-11-17,-8.48301179021791,8.78304618665769
654,2024-11-03,-7.82795047548668,10.2568871311212
655,2024-11-20,-7.98699920828241,7.26070237267078
656,2024-11-15,-6.56339096842045,10.2874697680108
657,2024-11-20,-6.67304857734304,11.3044517160702
658,2024-11-06,-11.2020657340315,12.6384664628437
659,2024-11-16,-5.49903512681128,6.16429593329742
660,2024-11-23,-5.49903512681128,6.16429593329742
661,2024-11-19,-7.68564881099246,8.52283392213819
662,2024-11-09,-8.60212541901602,11.8145025395321
663,2024-11-20,-9.59896524630134,8.66908848777646
664,2024-11-07,-9.61045184480669,9.42741098466705
665,2024-11-23,-11.0063919516443,11.0975746094445
666,2024-11-22,-9.1876092925796,8.95616530333941
667,2024-11-09,-8.78918860247231,8.30937738298853
668,2024-11-19,-11.0583388846975,13.0670883515965
669,2024-11-25,-13.6722351998053,13.0969490298873
670,2024-11-20,-5.83204972124359,11.9887419524599
671,2024-11-24,-6.8351180864729,11.6060782389549
672,2024-11-19,-8.99971886271162,8.41376503837206
673,2024-11-17,-6.40806639514649,9.77811843348596
674,2024-11-17,-10.9566984875448,8.28014943150908
675,2024-11-12,-8.60301018026412,9.16407557212728
676,2024-11-19,-9.92490041939761,11.474634701855
677,2024-11-20,-10.7128961386144,8.7477038744895
678,2024-11-25,-7.16295620999895,9.96415719083619
679,2024-11-16,-11.0047510595154,8.13869659675786
680,2024-11-23,-11.7699675688285,9.44821389643176
681,2024-11-27,-7.90869424793321,8.92109355972611
682,2024-11-15,-8.18589548726049,9.92009946828217
683,2024-11-23,-11.0680782726103,14.1197102234293
684,2024-11-27,-6.43328587704088,11.0013477373495
685,2024-11-24,-6.56339096842045,10.2874697680108
686,2024-11-22,-9.50369922541556,8.42018377580045
687,2024-11-18,-15.8303029055614,12.5261387965919
688,2024-11-28,-10.5050614482571,12.8952904891391
689,2024-11-04,-5.49903512681128,6.16429593329742
690,2024-11-13,-6.75728438254343,7.35738840878203
691,2024-11-19,-5.23400778532142,11.7971126847949
692,2024-11-21,-11.0047510595154,8.13869659675786
693,2024-11-15,-11.2575074875962,6.83986468310564
694,2024-11-23,-8.60212541901602,11.8145025395321
695,2024-11-26,-10.8346658582503,8.42074029751667
696,2024-11-27,-9.70996993500289,9.01454876200198
697,2024-11-27,-6.30585426143791,4.95914988465131
698,2024-11-18,-11.9765671726333,8.63694358056001
699,2024-11-26,-8.75148512425405,6.28254592727559
700,2024-11-26,-10.5000449850887,8.92331511077555
701,2024-11-27,-11.5550701510683,11.1793233507406
702,2024-11-28,-11.7040437922839,7.39036699057576
703,2024-11-13,-10.325566057775,9.24901674018104
704,2024-12-02,-11.4776713524371,11.0582962152267
705,2024-11-10,-5.49903512681128,6.16429593329742
706,2024-11-11,-13.6722351998053,13.0969490298873
707,2024-11-10,-10.7564309443382,11.8775893871556
708,2024-11-29,-13.6722351998053,13.0969490298873
709,2024-11-06,-7.82795047548668,10.2568871311212
710,2024-11-16,-8.99971886271162,8.41376503837206
711,2024-11-08,-10.0971128163861,10.7315394018918
712,2024-11-26,-7.13952625941497,10.5200876525008
713,2024-11-26,-10.5787659331749,10.868415081955
714,2024-11-25,-8.99971886271162,8.41376503837206
715,2024-12-03,-14.8260842427926,14.9645653933471
716,2024-11-27,-10.0971128163861,10.7315394018918
717,2024-11-18,-11.1797887072928,11.3171205784627
718,2024-11-26,-6.16931483666752,7.65906116840333
719,2024-12-01,-9.21538710800183,10.5390347223314
720,2024-11-30,-9.97346036461979,10.4490722425293
721,2024-11-13,-5.68436083794947,5.8890465265988
722,2024-12-02,-14.2470522554944,14.1818248256561
723,2024-11-19,-11.4592075052925,11.1525298592185
724,2024-12-05,-5.11382491449436,10.587288078211
725,2024-12-01,-9.61045184480669,9.42741098466705
726,2024-12-01,-10.0863436773658,10.8409274185003
727,2024-12-02,-10.2531439992246,9.09295695575331
728,2024-12-02,-5.69043954407958,6.53206364144487
729,2024-12-01,-5.81600572773799,8.13320113331102
730,2024-11-20,-11.052792498941,13.8233919444202
731,2024-12-03,-7.82914957523245,9.00643586268841
732,2024-12-02,-4.88614086076847,11.8867232768601
733,2024-11-16,-9.61045184480669,9.42741098466705
734,2024-11-12,-13.1614771230759,14.2139766086016
735,2024-12-06,-9.85095411087764,9.54034680269003
736,2024-11-23,-9.3255991074212,8.47649634638071
737,2024-11-19,-8.48301179021791,8.78304618665769
738,2024-11-19,-3.92352300341115,7.57760044922419
739,2024-11-18,-8.28684657853639,9.78220786891434
740,2024-12-01,-5.83204972124359,11.9887419524599
741,2024-11-17,-10.7860310053433,10.3162333429247
742,2024-11-24,-6.90833361854815,9.81386143370345
743,2024-11-17,-6.74097574241236,7.61835114762378
744,2024-11-29,-8.78365428427821,9.98373987126142
745,2024-11-14,-10.5107636696281,8.9669744238649
746,2024-11-27,-10.0863436773658,10.8409274185003
747,2024-11-14,-12.3962389562403,9.63914500586753
748,2024-11-18,-9.94707459244333,13.0410268749543
749,2024-12-03,-10.6536468862705,10.3497885967128
750,2024-12-02,-11.9765671726333,8.63694358056001
751,2024-11-23,-10.095938785747,9.11263452482205
752,2024-12-04,-9.50369922541556,8.42018377580045
753,2024-12-03,-8.52798301058519,8.53661121234704
754,2024-11-15,-7.57306849603176,7.03387933726358
755,2024-11-28,-6.43328587704088,11.0013477373495
756,2024-11-23,-8.22858352123043,9.616658842758
757,2024-12-04,-14.1312842699637,13.784858897419
758,2024-12-05,-5.62642483168247,9.11645375148901
759,2024-12-07,-9.44994887441639,10.169296893801
760,2024-12-04,-7.50920054399907,9.54024649999294
761,2024-12-04,-11.4460106835385,7.26877669341417
762,2024-11-24,-8.99971886271162,8.41376503837206
763,2024-12-05,-6.16931483666752,7.65906116840333
764,2024-11-29,-6.79655675187885,11.3073481225729
765,2024-12-08,-9.26828028088674,9.35461419058755
766,2024-12-05,-15.4166342868912,14.8840321869501
767,2024-11-24,-11.5766284190166,8.3391138179565
768,2024-12-06,-10.5498124484868,9.45988655726295
769,2024-11-19,-11.052792498941,13.8233919444202
770,2024-12-07,-9.50369922541556,8.42018377580045
771,2024-12-05,-9.50369922541556,8.42018377580045
772,2024-12-06,-7.98699920828241,7.26070237267078
773,2024-12-11,-10.6344857508276,6.98191105044913
774,2024-12-06,-5.83204972124359,11.9887419524599
775,2024-12-07,-7.13641155191672,13.8011054003767
776,2024-12-08,-11.9765671726333,8.63694358056001
777,2024-12-10,-10.4855641254363,11.7470277535985
778,2024-12-13,-6.33317856690602,7.02232068143156
779,2024-12-16,-13.42061753371,10.8494200446628
780,2024-11-24,-10.7009021877685,9.05093379006112
781,2024-12-08,-6.92808272164496,12.3770423911236
782,2024-12-11,-11.3893677592951,7.57524651103942
783,2024-11-23,-9.66717591707172,8.81711439270413
784,2024-12-11,-7.91653134348879,8.8665041352804
785,2024-12-09,-6.16931483666752,7.65906116840333
786,2024-12-07,-6.67304857734304,11.3044517160702
787,2024-12-10,-8.75148512425405,6.28254592727559
788,2024-11-30,-7.6333530796819,8.63702123045399
789,2024-12-05,-14.8260842427926,14.9645653933471
790,2024-12-12,-9.97346036461979,10.4490722425293
791,2024-11-28,-8.48301179021791,8.78304618665769
792,2024-12-08,-10.2586730665557,8.97823844471584
793,2024-12-02,-6.1710552423713,5.81167539612592
794,2024-12-11,-7.1621523100744,9.04002376572659
795,2024-12-14,-9.03516564392297,7.89474305161973
796,2024-12-03,-6.30585426143791,4.95914988465131
797,2024-12-03,-10.3973693738833,9.2955685793255
798,2024-12-12,-10.2734712184411,10.8966606801989
799,2024-12-09,-7.50920054399907,9.54024649999294
800,2024-12-13,-10.4564376484775,7.42716589005221
801,2024-12-14,-5.12236630124986,12.1379119479977
802,2024-12-10,-11.8363620496296,7.98975071376239
803,2024-12-04,-7.13952625941497,10.5200876525008
804,2024-12-13,-9.87934388329483,9.96005088724099
805,2024-12-03,-11.4592075052925,11.1525298592185
806,2024-12-01,-8.48301179021791,8.78304618665769
807,2024-12-10,-14.1312842699637,13.784858897419
808,2024-12-15,-6.56339096842045,10.2874697680108
809,2024-12-13,-9.79019963567174,7.96436175762877
810,2024-12-10,-11.9765671726333,8.63694358056001
811,2024-11-26,-14.2470522554944,14.1818248256561
812,2024-12-09,-5.81600572773799,8.13320113331102
813,2024-12-09,-9.3255991074212,8.47649634638071
814,2024-12-05,-13.2336795578262,9.86059118504503
815,2024-12-15,-7.30400802105208,8.98758108720599
816,2024-12-15,-10.8654325945131,7.68856010090064
817,2024-12-15,-7.41014378798713,12.014595346566
818,2024-12-13,-9.70996993500289,9.01454876200198
819,2024-12-12,-10.5787659331749,10.868415081955
820,2024-12-15,-10.6536468862705,10.3497885967128
821,2024-11-30,-11.052792498941,13.8233919444202
822,2024-12-16,-6.88668134690533,9.76491314570808
823,2024-12-14,-10.5787659331749,10.868415081955
824,2024-12-18,-9.20893159884121,10.0670205830379
825,2024-12-08,-5.09741474781796,11.9404913703634
826,2024-12-11,-8.59416181771095,10.9857745239906
827,2024-12-13,-6.43328587704088,11.0013477373495
828,2024-12-17,-9.02546122932524,9.99177485667109
829,2024-11-24,-8.54857220295239,6.91897619756447
830,2024-11-25,-9.50369922541556,8.42018377580045
831,2024-12-14,-11.236354492002,10.3776567233919
832,2024-12-19,-10.0971128163861,10.7315394018918
833,2024-12-20,-5.69043954407958,6.53206364144487
834,2024-12-10,-6.0420236486632,9.70206913208075
835,2024-12-15,-7.44554888940911,12.4628283903208
836,2024-12-16,-10.5498124484868,9.45988655726295
837,2024-12-17,-7.98168285573477,10.6822162233567
838,2024-12-19,-9.81615525688132,8.77882995678727
839,2024-12-21,-9.14244772875207,7.05028628715066
840,2024-12-22,-7.37135298978611,7.56666661648956
841,2024-12-21,-8.71693844702149,8.21646342303419
842,2024-12-15,-11.9765671726333,8.63694358056001
843,2024-12-17,-10.1448072065323,7.63672254422458
844,2024-12-19,-6.36402337615139,11.7317840854328
845,2024-12-21,-7.90869424793321,8.92109355972611
846,2024-12-20,-12.5528526772661,7.63298627799951
847,2024-12-16,-9.72933285452236,11.6495330108592
848,2024-12-21,-10.6536468862705,10.3497885967128
849,2024-12-08,-7.90947208480111,8.90711381128463
850,2024-12-16,-10.5498124484868,9.45988655726295
851,2024-12-06,-10.2586730665557,8.97823844471584
852,2024-12-15,-10.2734712184411,10.8966606801989
853,2024-12-12,-9.70996993500289,9.01454876200198
854,2024-12-23,-14.8260842427926,14.9645653933471
855,2024-12-11,-8.78365428427821,9.98373987126142
856,2024-12-01,-6.86996410031173,11.8204899145413
857,2024-12-19,-10.7397064000124,8.01737167428621
858,2024-12-24,-7.98699920828241,7.26070237267078
859,2024-12-20,-10.0971128163861,10.7315394018918
860,2024-12-21,-10.2531439992246,9.09295695575331
861,2024-12-11,-5.69043954407958,6.53206364144487
862,2024-12-18,-5.81600572773799,8.13320113331102
863,2024-12-22,-9.50369922541556,8.42018377580045
864,2024-12-19,-9.03516564392297,7.89474305161973
865,2024-12-23,-6.16931483666752,7.65906116840333
866,2024-12-23,-9.97346036461979,10.4490722425293
867,2024-12-04,-5.69043954407958,6.53206364144487
868,2024-12-20,-5.62642483168247,9.11645375148901
869,2024-12-27,-7.15744454040367,11.3695466129672
870,2024-12-20,-6.16931483666752,7.65906116840333
871,2024-12-25,-7.65551237702966,9.36947122393854
872,2024-12-20,-9.21538710800183,10.5390347223314
873,2024-12-22,-7.98699920828241,7.26070237267078
874,2024-12-19,-5.83204972124359,11.9887419524599
875,2024-12-20,-6.67304857734304,11.3044517160702
876,2024-12-09,-6.30585426143791,4.95914988465131
877,2024-12-20,-7.82272470681327,9.16247549998774
878,2024-12-23,-10.5498124484868,9.45988655726295
879,2024-12-23,-11.9765671726333,8.63694358056001
880,2024-12-07,-7.84222494809503,9.07196908819298
881,2024-12-22,-10.8323683435695,9.66160362779898
882,2024-12-20,-6.1710552423713,5.81167539612592
883,2024-12-26,-10.1736746444239,12.0298073990744
884,2024-12-22,-10.5498124484868,9.45988655726295
885,2024-12-24,-10.5498124484868,9.45988655726295
886,2024-12-25,-11.4017621262891,10.7708646613939
887,2024-12-09,-5.11382491449436,10.587288078211
888,2024-12-11,-4.43289407314611,10.8992246304645
889,2024-12-27,-5.27068728445512,7.82134751155821
890,2024-12-25,-6.92808272164496,12.3770423911236
891,2024-12-09,-14.4862547935017,14.3734408987956
892,2024-12-22,-11.8363620496296,7.98975071376239
893,2024-12-21,-9.84606156409134,10.5673602433704
894,2024-12-28,-7.92941996237484,12.4221310048673
895,2024-12-15,-8.7533070891458,7.90217904594688
896,2024-12-07,-11.9765671726333,8.63694358056001
897,2024-12-26,-6.33317856690602,7.02232068143156
898,2024-12-27,-10.2132614665007,11.6725650478284
899,2024-12-23,-11.9765671726333,8.63694358056001
900,2024-12-27,-9.62973032263118,10.2285365515179
901,2025-01-01,-6.06712620537823,5.18960036235222
902,2024-12-27,-6.33317856690602,7.02232068143156
903,2024-12-27,-9.81615525688132,8.77882995678727
904,2024-12-24,-11.9765671726333,8.63694358056001
905,2024-12-29,-9.26680879580072,5.76651456405917
906,2024-12-23,-6.36402337615139,11.7317840854328
907,2024-12-27,-7.82914957523245,9.00643586268841
908,2024-12-12,-5.62642483168247,9.11645375148901
909,2024-12-22,-10.4855641254363,11.7470277535985
910,2024-12-27,-9.03516564392297,7.89474305161973
911,2024-12-27,-8.59416181771095,10.9857745239906
912,2024-12-14,-14.1287498174659,12.7031973415928
913,2024-12-07,-13.42061753371,10.8494200446628
914,2025-01-01,-4.01033008391155,5.40799112357826
915,2024-12-13,-10.3956982710704,10.6188041564518
916,2025-01-01,-8.14197388934252,11.3273575198452
917,2024-12-27,-10.4053194492467,9.81012064019258
918,2024-12-29,-10.2531439992246,9.09295695575331
919,2024-12-29,-7.98699920828241,7.26070237267078
920,2024-12-16,-7.45469393331066,12.4715118912954
921,2025-01-01,-8.35705258135417,8.75887063541045
922,2024-12-23,-9.3255991074212,8.47649634638071
923,2024-12-09,-7.30400802105208,8.98758108720599
924,2025-01-01,-9.20893159884121,10.0670205830379
925,2024-12-15,-5.09741474781796,11.9404913703634
926,2024-12-20,-8.3779688788947,11.3207929724684
927,2025-01-01,-7.3466209417277,9.05505492316618
928,2024-12-22,-9.70996993500289,9.01454876200198
929,2024-12-17,-3.78038287924652,7.78808411839595
930,2025-01-01,-9.26828028088674,9.35461419058755
931,2024-12-11,-4.59645518451913,13.7389138049065
932,2024-12-10,-13.42061753371,10.8494200446628
933,2024-12-26,-7.50920054399907,9.54024649999294
934,2024-12-27,-11.8363620496296,7.98975071376239
935,2024-12-28,-9.79019963567174,7.96436175762877
936,2024-12-28,-9.15427837542333,9.22876804082884
937,2025-01-01,-11.394863855719,11.2664519950334
938,2024-12-29,-8.59416181771095,10.9857745239906
939,2025-01-01,-6.16931483666752,7.65906116840333
940,2025-01-01,-9.47900192774549,7.41512565720577
941,2025-01-01,-11.8363620496296,7.98975071376239
942,2025-01-01,-10.8654325945131,7.68856010090064
943,2024-12-19,-10.8654325945131,7.68856010090064
944,2024-12-10,-5.62642483168247,9.11645375148901
945,2025-01-01,-5.01510867601591,11.0724648626561
946,2025-01-01,-6.67304857734304,11.3044517160702
947,2024-12-10,-6.67304857734304,11.3044517160702
948,2024-12-29,-9.77407828452803,10.3475183117089
949,2025-01-01,-7.67357652235859,12.2840399050628
950,2025-01-01,-9.68418449839078,9.74249544546719
951,2024-12-30,-7.84222494809503,9.07196908819298
952,2024-12-29,-12.2026765434295,8.86549429325039
953,2025-01-01,-6.4918926177731,9.8192726322425
954,2025-01-01,-12.307324862336,8.81713437966324
955,2025-01-01,-11.3893677592951,7.57524651103942
956,2025-01-01,-6.86355596989065,10.2108029285071
957,2025-01-01,-6.56339096842045,10.2874697680108
958,2024-12-28,-5.69043954407958,6.53206364144487
959,2025-01-01,-11.9765671726333,8.63694358056001
960,2025-01-01,-10.0971128163861,10.7315394018918
961,2024-12-27,-5.62642483168247,9.11645375148901
962,2024-12-27,-6.22678367468221,4.93284025046865
963,2024-12-29,-10.2132614665007,11.6725650478284
964,2025-01-01,-11.3893677592951,7.57524651103942
965,2025-01-01,-10.124491970288,10.6653285706994
966,2025-01-01,-7.30400802105208,8.98758108720599
967,2025-01-01,-8.21812082581826,9.9078875477625
968,2025-01-01,-11.5763526230132,10.8900744357651
969,2025-01-01,-9.5033818889396,5.87003374897354
970,2025-01-01,-14.8260842427926,14.9645653933471
971,2025-01-01,-8.78365428427821,9.98373987126142
972,2024-12-12,-10.6344857508276,6.98191105044913
973,2024-12-24,-7.1621523100744,9.04002376572659
974,2025-01-01,-9.60208122950364,10.1511405802813
975,2025-01-01,-7.79107224747098,9.19720817600033
976,2025-01-01,-9.15989642700055,13.5502129164207
977,2025-01-01,-9.03454264562631,12.3829960593943
978,2025-01-01,-9.26680879580072,5.76651456405917
979,2025-01-01,-9.16962403880308,8.21261640246431
980,2025-01-01,-5.69043954407958,6.53206364144487
981,2025-01-01,-6.30854607333445,7.9987335484991
982,2025-01-01,-6.36402337615139,11.7317840854328
983,2025-01-01,-9.28551728186521,12.4025327543291
984,2025-01-01,-9.84606156409134,10.5673602433704
985,2025-01-01,-11.128404885565,8.69015752958848
986,2025-01-01,-8.48015100487577,8.40914133252012
987,2024-12-28,-12.9778262074008,13.0879004674063
988,2025-01-01,-7.98699920828241,7.26070237267078
989,2024-12-30,-9.62973032263118,10.2285365515179
990,2025-01-01,-10.8654325945131,7.68856010090064
991,2025-01-01,-10.8603013163931,9.71998471286088
992,2025-01-01,-5.97021221579856,8.60690248177866
993,2025-01-01,-9.97346036461979,10.4490722425293
994,2025-01-01,-7.42568850825258,5.39551517080551
995,2025-01-01,-9.03516564392297,7.89474305161973
996,2024-12-24,-9.65232199016832,10.1687915626754
997,2025-01-01,-6.56339096842045,10.2874697680108
998,2025-01-01,-9.5033818889396,5.87003374897354
999,2025-01-01,-13.42061753371,10.8494200446628
1000,2025-01-01,-9.14244772875207,7.05028628715066
1001,2025-01-01,-6.36402337615139,11.7317840854328
1002,2025-01-01,-7.92941996237484,12.4221310048673
1003,2025-01-01,-9.48595546354283,13.1543529041696
1004,2025-01-01,-8.01794321452003,9.32275593504061
1005,2025-01-01,-9.50369922541556,8.42018377580045
1006,2025-01-01,-7.52982267755105,12.5270895255695
1007,2025-01-01,-10.2132614665007,11.6725650478284
1008,2025-01-01,-11.8363620496296,7.98975071376239
1009,2024-12-27,-6.16931483666752,7.65906116840333
1010,2025-01-01,-9.68418449839078,9.74249544546719
1011,2025-01-01,-6.36402337615139,11.7317840854328
1012,2025-01-01,-9.03516564392297,7.89474305161973
1013,2024-12-25,-7.82272470681327,9.16247549998774
1014,2025-01-01,-12.2572415500092,10.0481850391791
1015,2025-01-01,-11.7763813908462,8.82587123728062
1016,2025-01-01,-7.45469393331066,12.4715118912954
1017,2025-01-01,-6.67304857734304,11.3044517160702
1018,2024-12-28,-10.0971128163861,10.7315394018918
1019,2024-12-30,-9.85910847634656,11.7256354448886
1020,2024-12-24,-7.30400802105208,8.98758108720599
1021,2025-01-01,-7.98699920828241,7.26070237267078
1022,2025-01-01,-10.5498124484868,9.45988655726295
1023,2025-01-01,-8.59756622815455,8.64856444223949
1024,2025-01-01,-9.40689066852671,9.2595729527586
1025,2025-01-01,-10.5760934565364,7.44211045819969
1026,2025-01-01,-7.34609804341513,8.60343808180336
1027,2025-01-01,-15.0631858543558,13.789746551417
1028,2025-01-01,-5.69043954407958,6.53206364144487
1029,2025-01-01,-10.5874296054046,6.84005974345306
1030,2024-12-29,-11.2038669050148,10.2390234114351
1031,2025-01-01,-9.78785115032828,5.68502510758457
1032,2025-01-01,-7.98699920828241,7.26070237267078
1033,2025-01-01,-7.36441033327516,9.92012343063166
1034,2025-01-01,-8.21812082581826,9.9078875477625
1035,2025-01-01,-8.78365428427821,9.98373987126142
1036,2024-12-27,-9.60208122950364,10.1511405802813
1037,2024-12-26,-9.85992817238083,10.0977138731723
1038,2025-01-01,-10.1736746444239,12.0298073990744
1039,2025-01-01,-10.5498124484868,9.45988655726295
1040,2025-01-01,-6.49998428111981,8.64853399112575
1041,2025-01-01,-6.67304857734304,11.3044517160702
1042,2025-01-01,-7.1621523100744,9.04002376572659
1043,2024-12-30,-11.9765671726333,8.63694358056001
1044,2025-01-01,-8.14197388934252,11.3273575198452
1045,2025-01-01,-8.78365428427821,9.98373987126142
1046,2025-01-01,-8.95223112583786,9.06264766040086
1047,2025-01-01,-5.27068728445512,7.82134751155821
1048,2024-12-30,-8.98134188666228,12.030473135619
1049,2024-12-27,-8.78365428427821,9.98373987126142
1050,2025-01-01,-11.2378907756996,9.52171088600482
1051,2024-12-29,-9.84544481297655,12.706033800426
1052,2025-01-01,-4.01033008391155,5.40799112357826
1053,2025-01-01,-8.14197388934252,11.3273575198452
1054,2024-12-26,-9.3255991074212,8.47649634638071
1055,2025-01-01,-4.96382282919256,8.02510793758142
1056,2025-01-01,-9.01769090782645,13.8757480203219
1057,2025-01-01,-9.26680879580072,5.76651456405917
1058,2025-01-01,-9.3621277656296,7.89057600480093
1059,2025-01-01,-10.8603013163931,9.71998471286088
1060,2025-01-01,-8.81701655031912,5.71577449167041
1061,2025-01-01,-7.61058844269971,7.23924807018639
1062,2025-01-01,-9.68418449839078,9.74249544546719
1063,2025-01-01,-9.60208122950364,10.1511405802813
1064,2025-01-01,-9.35394303922303,6.71170719003554
1065,2025-01-01,-9.97346036461979,10.4490722425293
1066,2025-01-01,-10.6080171813225,13.8023966536709
1067,2025-01-01,-3.88752275735395,8.09166549477355
1068,2025-01-01,-6.79659820087615,11.908551884559
1069,2025-01-01,-8.78365428427821,9.98373987126142
1070,2025-01-01,-7.38217740480558,7.65040823080294
1071,2025-01-01,-11.4277382792867,7.08755425565024
1072,2025-01-01,-9.77407828452803,10.3475183117089
1073,2025-01-01,-8.85647275350143,10.4740664358296
1074,2025-01-01,-6.56339096842045,10.2874697680108
1075,2025-01-01,-8.78365428427821,9.98373987126142
1076,2025-01-01,-6.56339096842045,10.2874697680108
1077,2025-01-01,-10.5760934565364,7.44211045819969
1078,2025-01-01,-7.65551237702966,9.36947122393854
1079,2025-01-01,-9.85257536782497,8.62642025263923
1080,2025-01-01,-6.85853596786925,8.14937550525824
1081,2025-01-01,-10.3820977274425,10.3716804031538
1082,2025-01-01,-10.1449105912704,10.2237551192759
1083,2025-01-01,-7.30400802105208,8.98758108720599
1084,2025-01-01,-11.128404885565,8.69015752958848
1085,2025-01-01,-9.68418449839078,9.74249544546719
1086,2025-01-01,-9.81615525688132,8.77882995678727
1087,2025-01-01,-9.62417720763439,9.59273986518148
1088,2025-01-01,-6.4918926177731,9.8192726322425
1089,2025-01-01,-10.0971128163861,10.7315394018918
1090,2025-01-01,-6.5423098070592,6.9530816808909
1091,2025-01-01,-9.84606156409134,10.5673602433704
1092,2025-01-01,-9.21101469884786,7.0432580313492
1093,2025-01-01,-12.9778262074008,13.0879004674063
1094,2025-01-01,-7.98699920828241,7.26070237267078
1095,2025-01-01,-9.40689066852671,9.2595729527586
1096,2025-01-01,-10.5760934565364,7.44211045819969
1097,2025-01-01,-7.30199168185052,9.44606431017225
1098,2025-01-01,-6.49998428111981,8.64853399112575
1099,2025-01-01,-10.8861987510106,11.3312266018686
1100,2025-01-01,-9.68418449839078,9.74249544546719
1101,2025-01-01,-7.42568850825258,5.39551517080551
1102,2025-01-01,-10.5874296054046,6.84005974345306
1103,2025-01-01,-8.78365428427821,9.98373987126142
1104,2025-01-01,-11.5734032667587,8.51067785133809
1105,2025-01-01,-9.0109661850513,10.000057029844
1106,2025-01-01,-7.3466209417277,9.05505492316618
1107,2025-01-01,-12.2026765434295,8.86549429325039
1108,2025-01-01,-10.124491970288,10.6653285706994
1109,2025-01-01,-10.124491970288,10.6653285706994
1110,2025-01-01,-9.60208122950364,10.1511405802813
1111,2025-01-01,-8.51355229970297,5.60462151378302
1112,2025-01-01,-8.5948811591745,10.3038279801957
1113,2025-01-01,-13.42061753371,10.8494200446628
1114,2025-01-01,-9.5033818889396,5.87003374897354
1115,2025-01-01,-7.34609804341513,8.60343808180336
1116,2025-01-01,-9.26680879580072,5.76651456405917
1117,2025-01-01,-9.26680879580072,5.76651456405917
1118,2025-01-01,-5.59206876679151,7.82866854342101
1119,2025-01-01,-9.50369922541556,8.42018377580045
1120,2025-01-01,-9.03516564392297,7.89474305161973
1121,2025-01-01,-7.45469393331066,12.4715118912954
1122,2025-01-01,-9.85910847634656,11.7256354448886
1123,2025-01-01,-12.5792546132468,10.4246237506222
1124,2025-01-01,-8.95223112583786,9.06264766040086
1125,2025-01-01,-12.5456722700646,10.8977400332236
1126,2025-01-01,-9.68418449839078,9.74249544546719
1127,2025-01-01,-11.2726000856097,10.0813321704088
1128,2025-01-01,-12.1414538592889,7.28670500553809
1129,2025-01-01,-9.48595546354283,13.1543529041696
1130,2025-01-01,-11.8363620496296,7.98975071376239
1131,2025-01-01,-11.7763813908462,8.82587123728062
1132,2025-01-01,-6.67304857734304,11.3044517160702
1133,2025-01-01,-8.81701655031912,5.71577449167041
1134,2025-01-01,-10.3820977274425,10.3716804031538
1135,2025-01-01,-12.307324862336,8.81713437966324
1136,2025-01-01,-6.86355596989065,10.2108029285071
1137,2025-01-01,-9.5033818889396,5.87003374897354
1138,2025-01-01,-6.56339096842045,10.2874697680108
1139,2025-01-01,-9.50369922541556,8.42018377580045
1140,2025-01-01,-11.8363620496296,7.98975071376239
1141,2025-01-01,-15.0631858543558,13.789746551417
1142,2025-01-01,-10.5874296054046,6.84005974345306
1143,2025-01-01,-9.78785115032828,5.68502510758457
1144,2025-01-01,-8.78365428427821,9.98373987126142
1145,2025-01-01,-3.88752275735395,8.09166549477355
1146,2025-01-01,-9.81615525688132,8.77882995678727
1147,2025-01-01,-6.4918926177731,9.8192726322425
1148,2025-01-01,-8.48015100487577,8.40914133252012
1149,2025-01-01,-5.97021221579856,8.60690248177866
